AID|Romaji|Kanji|English|Year|EpsTotal|Eps|EpsSpec|Rating|TmpRating|Vote|TmpVote|Reviews|ReviewsRating|TypeID|TypeName|isAdult
1135|.hack//Gift|.hack//GIFT|.hack//gift|2003|1|1|0|2.57|5.72|1563|1589|1|3.50|3|OVA|0
222|.hack//Liminality|.hack//Liminality|.hack//Liminality|2002-2003|4|4|0|4.05|6.57|2437|2460|2|6.16|3|OVA|0
7883|.hack//Quantum|.hack//Quantum|.hack//Quantum|2010-2011|12|3|9|6.63|7.18|1062|1071|1|4.50|3|OVA|0
4324|.hack//Roots|.hack//Roots|.hack//Roots|2006|38|26|12|4.45|6.86|2611|2671|8|6.78|2|TV Series|0
8606|.hack//Sekai no Mukou ni|ドット ハック セカイの向こうに||2012|2|1|1|5.68|6.73|628|636|1|3.50|4|Movie|0
24|.hack//Sign|.hack//SIGN|.hack//SIGN|2002|30|26|4|5.18|7.11|7049|7187|21|7.94|2|TV Series|0
447|.hack//Tasogare no Udewa Densetsu|.hack//黄昏の腕輪伝説|.hack//Legend of the Twilight|2003|15|12|3|3.98|6.62|2985|3030|6|4.77|2|TV Series|0
2758|4-Day Weekend|4デイ・ウィークエンド||1998|1|1|0|4.26|5.72|391|394|0|-|8|Music Video|0
27|Aa! Megami-sama!|ああっ女神さまっ|Oh My Goddess!|1993-1994|11|5|6|6.18|7.52|4580|4699|8|6.70|3|OVA|0
2656|Afro Samurai|アフロサムライ|Afro Samurai|2007|11|5|6|4.70|6.80|4819|4890|8|6.01|2|TV Series|0
2870|Ai|愛||1963|1|1|0|1.90|3.62|434|435|0|-|4|Movie|0
833|Ail Maniax: Inma Seifukugari & Majogari no Yoru ni|アイルMANIAX ~淫魔制服狩り&魔女狩りの夜に~||2001-2002|3|3|0|3.30|5.46|323|330|2|3.75|3|OVA|1
2002|Air|AIR|Air|2005|30|13|17|6.25|7.60|8482|8612|24|7.25|2|TV Series|0
10407|Akame ga Kill!|アカメが斬る!|Akame ga Kill!|2014|54|24|30|5.59|6.95|6263|6318|8|4.91|2|TV Series|0
1971|Akiba-kei Kanojo|アキバ系彼女|Akiba Girls|2004-2006|3|3|0|4.81|6.79|1308|1345|2|6.08|3|OVA|1
8029|Akina to Onsen de H Shiyo!|明菜と温泉でHしよっ||2010|2|1|1|4.12|5.78|363|370|0|-|3|OVA|1
28|Akira|アキラ|Akira|1988|17|1|11|7.09|7.76|11466|11604|17|6.80|4|Movie|0
5602|Alignment You! You! The Animation|あらいめんとゆーゆー THE ANIMATION||2008|2|2|0|5.35|6.61|765|787|0|-|3|OVA|1
6564|Angel Beats!|Angel Beats!|Angel Beats!|2010|69|13|55|7.60|7.91|12006|12160|10|6.81|2|TV Series|0
2476|Angelium|アンジェリウム|Angelium|2004|2|2|0|4.02|6.25|841|853|1|6.66|3|OVA|1
8181|Ano Hi Mita Hana no Namae o Bokutachi wa Mada Shiranai.|あの日見た花の名前を僕達はまだ知らない.|Anohana: The Flower We Saw That Day|2011|14|11|3|8.32|8.14|8985|9083|11|7.46|2|TV Series|0
7938|Aos|アオス||1964|1|1|0|1.72|3.50|340|342|0|-|4|Movie|0
1312|Appleseed (2004)|アップルシード (2004)|Appleseed (2004)|2004|13|1|7|5.42|7.22|5533|5564|10|6.63|4|Movie|0
2659|Aria the Animation|ARIA The ANIMATION|Aria: The Animation|2005|33|13|20|7.45|7.77|4755|4793|11|7.22|2|TV Series|0
4243|Aria the Natural|ARIA The NATURAL|Aria: The Natural|2006|43|26|17|8.58|8.26|2954|2987|3|7.66|2|TV Series|0
5115|Aria the OVA: Arietta|ARIA The OVA ~ARIETTA~|Aria the OVA: Arietta|2007|2|1|1|8.42|8.08|2224|2241|1|4.50|3|OVA|0
420|Armitage III|アミテージ・ザ・サード|Armitage III|1995|4|4|0|6.01|7.08|2073|2085|2|7.99|3|OVA|0
3469|Aru Machi Kado no Monogatari|ある街角の物語|Tale of a Street Corner|1962|1|1|0|6.62|6.62|410|415|0|-|4|Movie|0
8062|Astarotte no Omocha!|アスタロッテのおもちゃ!|Astarotte`s Toy|2011|17|12|5|3.75|6.20|2447|2475|3|5.16|2|TV Series|0
3654|Ayakashi: Japanese Classic Horror|怪~ayakashi~ JAPANESE CLASSIC HORROR|Ayakashi - Samurai Horror Tales|2006|25|11|14|6.53|7.35|2156|2181|4|7.28|2|TV Series|0
106|Azumanga Daiou The Animation (2002)|あずまんが大王 THE ANIMATION (2002)|Azumanga Daioh|2002|36|26|10|7.98|8.23|10476|10649|20|7.79|2|TV Series|0
7251|Bakuman.|バクマン.|Bakuman.|2010-2011|33|25|8|7.90|7.91|4797|4827|3|7.33|2|TV Series|0
4570|Bakumatsu Kikansetsu Irohanihoheto|幕末機関説 いろはにほへと|Intrigue in the Bakumatsu: Irohanihoheto|2006-2007|28|26|2|5.47|7.28|2173|2201|5|6.26|6|Web|0
10111|Barakamon|ばらかもん|Barakamon|2014|28|12|16|8.36|8.03|4514|4540|2|7.91|2|TV Series|0
2436|Basilisk: Kouga Ninpou Chou|バジリスク 甲賀忍法帖|Basilisk|2005|28|24|4|6.76|7.79|5655|5757|9|7.40|2|TV Series|0
2320|Beck: Mongolian Chop Squad|BECK MONGOLIAN CHOP SQUAD|Beck: Mongolian Chop Squad|2004-2005|38|26|11|8.18|8.38|7036|7197|15|7.45|2|TV Series|0
528|Bible Black|バイブルブラック|Bible Black|2001-2003|11|6|5|6.15|7.34|3169|3299|4|8.41|3|OVA|1
829|Bible Black Gaiden|バイブルブラック 外伝|Bible Black Origins|2002|2|2|0|5.71|7.09|1986|2025|2|7.16|3|OVA|1
4492|Binbou Shimai Monogatari|貧乏姉妹物語||2006|13|10|3|5.55|7.00|1220|1231|4|7.29|2|TV Series|0
7034|Binkan Athlete|びんかんアスリート||2009|5|1|4|4.24|5.81|387|392|0|-|3|OVA|1
12665|Black Clover (2017)|ブラッククローバー (2017)|Black Clover|2017-2021|242|170|72|5.12|6.71|2150|2191|1|4.00|2|TV Series|0
686|Black Jack (1996)|BLACK JACK|Black Jack: The Movie|1996|3|1|0|6.22|7.05|673|674|1|8.50|4|Movie|0
3395|Black Lagoon|BLACK LAGOON|Black Lagoon|2006|26|12|12|7.93|8.24|13781|13940|17|7.93|2|TV Series|0
6820|Black Rock Shooter|ブラック★ロックシューター||2010|11|1|10|4.44|6.53|4186|4221|1|8.16|3|OVA|0
8584|Black Rock Shooter (2012)|ブラック★ロックシューター (2012)|Black Rock Shooter|2012|15|8|7|4.34|6.35|3154|3177|3|7.44|2|TV Series|0
2369|Bleach|BLEACH|Bleach|2004-2012|466|366|97|6.48|7.93|15709|16678|23|7.67|2|TV Series|0
15449|Bleach: Sennen Kessen Hen|BLEACH 千年血戦篇|Bleach: Thousand-Year Blood War|2022|30|13|17|8.31|7.94|1091|1107|1|4.66|2|TV Series|0
11292|Boku dake ga Inai Machi|僕だけがいない街|Erased|2016|21|12|9|8.06|7.91|7307|7362|5|6.56|2|TV Series|0
11739|Boku no Hero Academia|僕のヒーローアカデミア|My Hero Academia|2016|49|13|36|7.01|7.55|6598|6650|3|7.83|2|TV Series|0
12233|Boku no Hero Academia (2017)|僕のヒーローアカデミア (2017)|My Hero Academia Season 2|2017|34|25|9|7.66|7.82|5209|5233|1|5.83|2|TV Series|0
13485|Boku no Hero Academia (2018)|僕のヒーローアカデミア (2018)|My Hero Academia Season 3|2018|33|25|8|7.45|7.72|4049|4071|1|6.16|2|TV Series|0
14416|Boku no Hero Academia (2019)|僕のヒーローアカデミア (2019)|My Hero Academia Season 4|2019-2020|30|25|5|6.88|7.46|2709|2725|0|-|2|TV Series|0
15484|Boku no Hero Academia (2021)|僕のヒーローアカデミア (2021)|My Hero Academia Season 5|2021|30|25|5|5.40|6.92|1616|1626|1|4.16|2|TV Series|0
16793|Boku no Hero Academia (2022)|僕のヒーローアカデミア (2022)|My Hero Academia Season 6|2022-2023|34|25|9|7.59|7.75|1039|1047|0|-|2|TV Series|0
4861|Bokura no|ぼくらの|Bokurano|2007|33|24|9|6.85|7.50|3028|3062|8|7.95|2|TV Series|0
1014|Bondage Game: Shinsou no Reijou-tachi|ボンデージ・ゲーム -深窓の隷嬢達-|Bondage Game|2003|3|2|1|2.87|5.35|710|756|4|7.04|3|OVA|1
5842|Bounen no Xamdou|亡念のザムド|Xam`d: Lost Memories|2008-2009|35|26|9|7.50|8.01|5339|5408|9|7.49|6|Web|0
1094|BPS: Battle Programmer Shirase|bpS バトルプログラマーシラセ||2003-2004|20|15|5|5.22|7.07|3036|3062|4|7.79|2|TV Series|0
4516|Busou Renkin|武装錬金|Buso Renkin|2006-2007|49|26|23|5.89|7.49|4373|4428|8|7.35|2|TV Series|0
8463|Buta Hime-sama|豚姫様||2011|2|1|1|2.62|4.82|331|338|0|-|3|OVA|1
17723|Bye Bye, Earth|ばいばい, アース|Bye Bye, Earth|2024|16|10|6|2.91|5.28|303|305|0|-|2|TV Series|0
4568|Byousoku 5 Centimeter|秒速5センチメートル|5 Centimeters per Second|2007|16|3|13|7.91|8.10|10997|11153|15|8.93|4|Movie|0
8149|C|C|[C] The Money of Soul and Possibility Control|2011|20|11|9|5.23|6.90|4271|4303|6|5.66|2|TV Series|0
12|Chobits|ちょびっツ|Chobits|2002|38|26|12|6.57|7.74|11756|11942|17|8.06|2|TV Series|0
1711|Choubatsu Yobikou|懲罰予備校|Bondage 101|2004|3|2|1|3.90|5.88|377|386|1|5.50|3|OVA|1
1052|Chrno Crusade|クロノクルセイド|Chrono Crusade|2003-2004|77|24|53|6.55|7.75|8012|8125|17|7.12|2|TV Series|0
8883|Chuunibyou demo Koi ga Shitai!|中二病でも恋がしたい!|Love, Chunibyo & Other Delusions!|2012|71|12|59|6.93|7.52|7192|7225|5|6.56|2|TV Series|0
9874|Chuunibyou demo Koi ga Shitai! Ren|中二病でも恋がしたい! 戀|Love, Chunibyo and Other Delusions! Heart Throb|2014|58|12|46|5.80|7.02|4168|4185|3|7.11|2|TV Series|0
5101|Clannad|CLANNAD|Clannad|2007-2008|34|22|12|7.97|8.18|12076|12281|10|7.61|2|TV Series|0
4892|Claymore|クレイモア|Claymore|2007|34|26|8|7.30|8.13|12191|12628|16|7.58|2|TV Series|0
23|Cowboy Bebop|カウボーイビバップ|Cowboy Bebop|1998-1999|51|26|24|8.75|8.65|18773|19182|24|9.04|2|TV Series|0
219|Cowboy Bebop: Tengoku no Tobira|カウボーイビバップ天国の扉|Cowboy Bebop: Knockin` on Heaven`s Door|2001|20|1|14|8.25|8.31|9958|10021|8|8.60|4|Movie|0
862|D+vine Luv|D+VINE[LUV][ディヴァイン ラヴ]|Dvine [Luv]|2001-2002|4|4|0|4.84|6.55|598|608|0|-|3|OVA|1
4563|Death Note|DEATH NOTE|Death Note|2006-2007|95|37|58|8.58|8.63|21329|22171|23|7.90|2|TV Series|0
4345|Dennou Coil|電脳コイル|Den-noh Coil|2007|38|26|12|8.42|8.30|5451|5512|8|8.20|2|TV Series|0
4776|Devil May Cry|デビル メイ クライ|Devil May Cry|2007|17|12|5|4.11|6.78|5414|5562|5|5.39|2|TV Series|0
8206|Dog Days|DOG DAYS||2011|34|13|21|4.67|6.62|2648|2669|2|5.33|2|TV Series|0
231|Dragon Ball|DRAGON BALL|Dragon Ball|1986-1989|167|153|7|6.53|7.59|7548|7703|6|6.38|2|TV Series|0
233|Dragon Ball GT|DRAGON BALL GT|Dragon Ball GT|1996-1997|76|64|12|2.94|6.04|5376|5471|7|5.18|2|TV Series|0
1530|Dragon Ball Z|DRAGON BALL Z|Dragon Ball Z|1989-1996|326|291|21|6.54|7.60|8069|8265|13|6.23|2|TV Series|0
10894|Dungeon ni Deai o Motomeru no wa Machigatte Iru Darouka: Familia Myth|ダンジョンに出会いを求めるのは間違っているだろうか FAMILIA MYTH|Is It Wrong to Try to Pick Up Girls in a Dungeon?|2015|17|13|4|6.23|7.23|6534|6579|5|5.59|2|TV Series|0
13829|Dungeon ni Deai o Motomeru no wa Machigatte Iru Darouka: Familia Myth II|ダンジョンに出会いを求めるのは間違っているだろうか FAMILIA MYTH II|Is It Wrong to Try to Pick Up Girls in a Dungeon? II|2019|34|12|22|5.42|6.90|2704|2723|0|-|2|TV Series|0
15111|Dungeon ni Deai o Motomeru no wa Machigatte Iru Darouka: Familia Myth III|ダンジョンに出会いを求めるのは間違っているだろうか FAMILIA MYTH III|Is It Wrong to Try to Pick Up Girls in a Dungeon? III|2020|30|12|18|5.98|7.11|1893|1908|0|-|2|TV Series|0
16032|Dungeon ni Deai o Motomeru no wa Machigatte Iru Darouka: Familia Myth IV|ダンジョンに出会いを求めるのは間違っているだろうか FAMILIA MYTH IV|Is It Wrong to Try to Pick Up Girls in a Dungeon? IV|2022|24|11|13|6.58|7.26|1193|1204|0|-|2|TV Series|0
17652|Dungeon ni Deai o Motomeru no wa Machigatte Iru Darouka: Familia Myth IV (2023)|ダンジョンに出会いを求めるのは間違っているだろうか FAMILIA MYTH IV (2023)|Is It Wrong to Try to Pick Up Girls in a Dungeon? IV (2023)|2022-2023|28|11|17|7.83|7.74|1084|1096|0|-|2|TV Series|0
1193|Egao|笑顔||2003|7|1|6|4.84|6.47|1197|1203|0|-|8|Music Video|0
2321|Eiga Inuyasha: Guren no Houraijima|映画 犬夜叉 紅蓮の蓬莱島|InuYasha the Movie 4: Fire on the Mystic Island|2004|6|1|3|5.81|7.20|1770|1789|3|4.99|4|Movie|0
903|Eiga Inuyasha: Kagami no Naka no Mugenjou|映画 犬夜叉 鏡の中の夢幻城|InuYasha the Movie 2: The Castle Beyond the Looking Glass|2002|6|1|0|5.83|7.26|2179|2197|4|6.49|4|Movie|0
1320|Eiga Inuyasha: Tenka Hadou no Ken|映画 犬夜叉 天下覇道の剣|InuYasha the Movie 3: Swords of an Honorable Ruler|2003|4|1|1|6.70|7.56|2042|2060|3|6.83|4|Movie|0
273|Eiga Inuyasha: Toki o Koeru Omoi|映画 犬夜叉 時代を越える想い|InuYasha the Movie: Affections Touching Across Time|2001|3|1|0|5.66|7.19|2256|2284|4|4.87|4|Movie|0
1544|Elfen Lied|エルフェンリート|Elfen Lied|2004|33|13|17|7.12|7.98|20606|21240|57|7.42|2|TV Series|0
3302|Ergo Proxy|エルゴプラクシー|Ergo Proxy|2006|31|23|8|7.41|8.06|11186|11422|22|8.14|2|TV Series|0
8473|Eroge! H mo Game mo Kaihatsu Zanmai|えろげー! ~Hもゲームも開発三昧~||2011-2016|9|6|3|6.69|7.11|1000|1019|0|-|3|OVA|1
321|Escaflowne|エスカフローネ|Escaflowne: The Movie|2000|14|1|8|4.94|6.93|3643|3664|7|5.59|4|Movie|0
8508|Euphoria|euphoria||2011-2016|10|6|4|4.13|5.91|879|900|0|-|3|OVA|1
6171|Evangelion Shin Gekijouban: Ha|ヱヴァンゲリヲン新劇場版:破|Evangelion: 2.0 You Can (Not) Advance|2009|23|1|20|8.80|8.31|5955|5993|7|6.97|4|Movie|0
4847|Evangelion Shin Gekijouban: Jo|ヱヴァンゲリヲン新劇場版:序|Evangelion: 1.0 You Are (Not) Alone|2007|12|1|10|8.14|8.06|6888|6950|4|7.54|4|Movie|0
7565|Evangelion Shin Gekijouban: Q|ヱヴァンゲリヲン新劇場版: Q|Evangelion: 3.0 You Can (Not) Redo|2012|38|1|29|6.38|7.16|3882|3901|3|5.77|4|Movie|0
5132|Eve no Jikan|イヴの時間|Time of Eve|2008-2009|7|6|1|8.74|8.41|5526|5571|3|8.94|6|Web|0
6662|Fairy Tail|FAIRY TAIL|Fairy Tail|2009-2013|205|175|30|6.26|7.38|6265|6389|4|5.66|2|TV Series|0
9980|Fairy Tail (2014)|FAIRY TAIL (2014)|Fairy Tail (2014)|2014-2016|137|102|35|6.54|7.37|2450|2483|0|-|2|TV Series|0
2387|Fantastic Children|ファンタジックチルドレン|Fantastic Children|2004-2005|30|26|4|6.85|7.57|1995|2017|9|7.18|2|TV Series|0
3348|Fate/Stay Night|Fate/stay night|Fate/Stay Night|2006|47|24|23|6.70|7.80|14074|14323|33|7.79|2|TV Series|0
9977|Fate/Stay Night: Unlimited Blade Works (2014)|Fate/stay night [Unlimited Blade Works]|Fate/stay night [Unlimited Blade Works]|2014|41|13|28|8.18|7.93|5218|5247|3|7.33|2|TV Series|0
8160|Fate/Zero|Fate/Zero|Fate/Zero|2011|41|13|28|8.58|8.24|8504|8570|10|7.66|2|TV Series|0
8880|Fate/Zero (2012)|Fate/Zero (2012)|Fate/Zero (2012)|2012|39|12|27|8.90|8.38|7553|7599|6|8.08|2|TV Series|0
156|Final Fantasy Unlimited|FF:U -ファイナルファンタジー:アンリミテッド-|Final Fantasy: Unlimited|2001-2002|29|25|4|2.53|5.79|1744|1773|3|4.72|2|TV Series|0
1208|Final Fantasy VII: Advent Children|ファイナルファンタジーVII アドベントチルドレン|Final Fantasy VII: Advent Children|2005|22|1|15|7.20|7.98|10131|10264|18|8.04|3|OVA|0
7873|Fractale|フラクタル|Fractale|2011|18|11|7|5.58|6.97|3194|3210|5|6.59|2|TV Series|0
17|Fullmetal Panic!|フルメタル・パニック!|Full Metal Panic!|2002|40|24|15|7.37|8.10|14884|15093|23|7.56|2|TV Series|0
2710|Fullmetal Panic! The Second Raid|フルメタル・パニック! TSR The Second Raid|Full Metal Panic! The Second Raid|2005|20|13|7|8.10|8.41|11488|11640|15|8.65|2|TV Series|0
959|Fullmetal Panic? Fumoffu|フルメタル・パニック? ふもっふ|Full Metal Panic? Fumoffu|2003|16|11|5|8.24|8.49|13753|13950|21|8.29|2|TV Series|0
117|Furi Kuri|フリクリ|FLCL|2000-2001|25|6|19|7.31|7.91|13630|13825|27|8.15|3|OVA|0
87|Fushigi Yuugi|ふしぎ遊戯|Fushigi Yugi: The Mysterious Play|1995-1996|71|52|19|5.94|7.31|2186|2211|6|7.36|2|TV Series|0
242|Futari Ecchi|ふたりエッチ|Step Up Love Story|2002-2004|6|4|2|4.36|6.71|2462|2495|2|7.16|3|OVA|0
7382|Gakuen Mokushiroku: High School of the Dead|学園黙示録 HIGH SCHOOL OF THE DEAD|High School of the Dead|2010|26|12|14|5.66|7.14|9343|9451|9|6.22|2|TV Series|0
2400|Gantz|ガンツ|Gantz|2004|42|26|16|5.48|7.24|7138|7285|16|6.71|2|TV Series|0
6041|Gekijouban Bleach: Fade to Black Kimi no Na o Yobu|劇場版 BLEACH Fade to Black 君の名を呼ぶ|Bleach the Movie 3: Fade to Black|2008|5|1|4|5.41|7.01|3018|3049|1|4.83|4|Movie|0
4515|Gekijouban Bleach: Memories of Nobody|劇場版 BLEACH MEMORIES OF NOBODY|Bleach the Movie: Memories of Nobody|2006|14|1|10|5.55|7.28|5249|5323|3|6.16|4|Movie|0
5352|Gekijouban Bleach: The DiamondDust Rebellion Mou Hitotsu no Hyourinmaru|劇場版 BLEACH The DiamondDust Rebellion もう一つの氷輪丸|Bleach the Movie 2: The Diamond Dust Rebellion|2007|2|1|1|5.40|7.12|3975|4020|2|5.41|4|Movie|0
2359|Gekijouban Hagane no Renkinjutsushi: Shambala o Yuku Mono|劇場版 鋼の錬金術師 シャンバラを征[ゆ]く者|Fullmetal Alchemist the Movie: Conqueror of Shamballa|2005|12|1|7|7.03|7.87|9914|10027|10|7.29|4|Movie|0
4932|Gekijouban Kara no Kyoukai: The Garden of Sinners|劇場版 空の境界 the Garden of sinners|The Garden of Sinners|2007-2009|20|7|13|8.24|8.17|7660|7759|9|7.96|4|Movie|0
5178|Gekijouban Naruto Shippuuden|劇場版 Naruto 疾風伝|Naruto Shippuden The Movie|2007|9|1|8|4.82|6.93|3450|3506|3|5.66|4|Movie|0
6503|Gekijouban Naruto Shippuuden: Hi no Ishi o Tsugu Mono|劇場版 NARUTO 疾風伝 火の意志を継ぐ者|Naruto Shippuden the Movie: The Will of Fire|2009|6|1|5|4.74|6.74|2099|2130|2|4.66|4|Movie|0
5914|Gekijouban Naruto Shippuuden: Kizuna|劇場版 Naruto 疾風伝 絆|Naruto Shippuden the Movie: Bonds|2008|4|1|3|4.47|6.69|2634|2671|3|3.71|4|Movie|0
3030|Gekijouban Naruto: Dai Gekitotsu! Maboroshi no Chitei Iseki Datte ba yo!|劇場版 NARUTO 大激突! 幻の地底遺跡だってばよ|Naruto the Movie 2: Legend of the Stone of Gelel|2005|2|1|1|3.81|6.55|4085|4139|5|5.46|4|Movie|0
1456|Gekijouban Naruto: Dai Katsugeki! Yuki Hime Ninpou Chou Datte ba yo!|劇場版 NARUTO 大活劇! 雪姫忍法帖だってばよ!!|Naruto the Movie: Ninja Clash in the Land of Snow|2004|7|1|4|4.53|6.86|5291|5352|5|6.53|4|Movie|0
4421|Gekijouban Naruto: Dai Koufun! Mikazukijima no Animal Panic Datte ba yo!|劇場版 NARUTO 大興奮! みかづき島のアニマル騒動[パニック]だってばよ|Naruto the Movie 3: Guardians of the Crescent Moon Kingdom|2006|2|1|1|3.11|6.13|3347|3408|2|2.58|4|Movie|0
4388|Gekijouban Shakugan no Shana|劇場版 灼眼のシャナ|Shakugan no Shana: The Movie|2007|15|1|14|5.78|7.34|3117|3157|1|6.50|4|Movie|0
8694|Gekijouban Toaru Majutsu no Index: Endymion no Kiseki|劇場版 とある魔術の禁書目録[インデックス] エンデュミオンの奇蹟|A Certain Magical Index the Movie: The Miracle of Endymion|2013|13|1|12|6.04|7.08|1993|2007|0|-|4|Movie|0
568|Geneshaft|ジーンシャフト||2001|16|13|3|4.06|6.56|1504|1511|10|6.39|2|TV Series|0
1783|Genshiken|げんしけん|Genshiken: The Society for the Study of Modern Visual Culture|2004|26|12|14|7.65|8.09|8129|8192|8|8.58|2|TV Series|0
4782|Genshiken (2006)|げんしけん (2006)|Genshiken (2006)|2006-2007|8|3|5|7.60|7.93|4245|4267|2|8.08|3|OVA|0
5210|Genshiken 2|げんしけん2|Genshiken 2: The Society for the Study of Modern Visual Culture|2007|23|12|11|7.74|8.00|4630|4661|2|8.41|2|TV Series|0
9676|Genshiken Nidaime|げんしけん 二代目|Genshiken Second Generation|2013|32|13|19|6.67|7.21|1440|1447|0|-|2|TV Series|0
8624|Gensou Mangekyou: The Memories of Phantasm|幻想万華鏡 ~The Memories Of Phantasm~||2011-2023|59|18|41|7.13|7.45|184|185|0|-|3|OVA|0
61|Ghost in the Shell|GHOST IN THE SHELL|Ghost in the Shell|1995|12|1|6|8.41|8.35|13131|13254|11|8.58|4|Movie|0
1085|Gilgamesh|ギルガメッシュ|Gilgamesh: Whose Side Are You On?|2003-2004|28|26|2|4.39|6.58|1727|1752|6|7.16|2|TV Series|0
10709|Girl Friend (Kari)|ガールフレンド(仮)|Girl Friend Beta|2014|15|12|3|2.65|5.08|551|558|0|-|2|TV Series|0
1805|Girls Bravo: First Season|GIRLSブラボー first season|Girls Bravo|2004|14|11|3|4.17|6.76|4453|4495|7|6.59|2|TV Series|0
10506|Glasslip|グラスリップ|Glasslip|2014|19|13|6|2.24|5.02|1431|1453|3|6.60|2|TV Series|0
10069|Gokukoku no Brynhildr|極黒のブリュンヒルデ|Brynhildr in the Darkness|2014|23|13|10|4.19|6.29|2812|2834|3|5.11|2|TV Series|0
510|Green Green|グリーングリーン||2002|1|1|0|2.42|5.77|3114|3158|2|3.41|3|OVA|0
834|Green Green (2003)|グリーングリーン (2003)|Green Green (2003)|2003|26|12|14|4.22|6.81|5687|5774|9|6.16|2|TV Series|0
9749|Grisaia no Kajitsu|グリザイアの果実 -LE FRUIT DE LA GRISAIA-|The Fruit of Grisaia|2014|26|13|12|5.73|6.90|3253|3270|2|5.99|2|TV Series|0
191|GTO|GTO(グレート・ティーチャー・オニヅカ)|Great Teacher Onizuka|1999-2000|51|43|8|8.74|8.71|14002|14415|27|8.63|2|TV Series|0
908|Gundam-W: Endless Waltz|GUNDAM-W Endless Waltz|Gundam Wing Endless Waltz OVA|1997|15|3|12|6.49|7.38|1335|1347|0|-|3|OVA|0
9327|Gunnm 3D Special|銃夢-3Dスペシャル-||2000|1|1|0|2.41|4.41|221|224|0|-|3|OVA|0
1002|Gunslinger Girl.|GUNSLINGER GIRL.|Gunslinger Girl|2003-2004|15|13|2|6.46|7.55|6367|6422|12|7.81|2|TV Series|0
2835|Hachimitsu to Clover|ハチミツとクローバー|Honey and Clover|2005|34|24|9|8.18|8.35|7275|7390|17|8.98|2|TV Series|0
979|Hagane no Renkinjutsushi|鋼の錬金術師|Fullmetal Alchemist|2003-2004|141|51|74|8.29|8.58|20902|21614|38|8.73|2|TV Series|0
6107|Hagane no Renkinjutsushi (2009)|鋼の錬金術師 (2009)|Fullmetal Alchemist: Brotherhood|2009-2010|102|64|37|9.55|8.96|13653|13947|11|9.27|2|TV Series|0
271|Haibane Renmei|灰羽連盟|Haibane Renmei|2002|21|13|8|8.22|8.23|8376|8459|14|7.67|2|TV Series|0
7874|Hanasaku Iroha|花咲くいろは|Hanasaku Iroha: Blossoms for Tomorrow|2011|48|26|22|7.77|7.86|4119|4137|2|6.66|2|TV Series|0
8482|Haramasete Seiryuu-kun!|孕ませて青龍君!||2011-2012|4|2|2|4.85|6.02|309|312|0|-|3|OVA|1
5192|Hatsu Inu The Animation|初犬 The Animation||2007|2|2|0|6.75|7.38|1286|1319|3|8.21|3|OVA|1
32|Hellsing|ヘルシング|Hellsing|2001-2002|21|13|7|6.29|7.66|13350|13582|15|6.86|2|TV Series|0
10889|Hibike! Euphonium|響け! ユーフォニアム|Sound! Euphonium|2015|23|13|10|7.80|7.67|3045|3055|2|7.83|2|TV Series|0
11746|Hibike! Euphonium 2|響け! ユーフォニアム 2|Sound! Euphonium 2|2016|46|13|33|8.51|7.98|1874|1879|1|7.16|2|TV Series|0
8109|Hidan no Aria|緋弾のアリア|Aria the Scarlet Ammo|2011|22|12|10|3.86|6.33|3502|3524|5|5.16|2|TV Series|0
6238|Higashi no Eden|東のエデン|Eden of the East|2009|20|11|9|7.82|8.02|7686|7737|5|7.16|2|TV Series|0
6636|Higashi no Eden: Gekijouban I - The King of Eden|東のエデン 劇場版I The King of Eden|Eden of the East: The King of Eden|2009|6|1|5|6.67|7.40|3418|3436|1|7.66|4|Movie|0
6637|Higashi no Eden: Gekijouban II - Paradise Lost|東のエデン 劇場版II Paradise Lost|Eden of the East: Paradise Lost|2010|4|1|3|6.54|7.31|2726|2737|1|8.00|4|Movie|0
3574|Higurashi no Naku Koro ni|ひぐらしのなく頃に|When They Cry - Higurashi|2006|36|26|10|7.92|8.16|9794|9950|11|7.89|2|TV Series|0
4176|Himawari!|ひまわりっ!|Himawari!|2006|17|13|4|3.72|6.45|1198|1217|0|-|2|TV Series|0
8166|Hoshizora e Kakaru Hashi|星空へ架かる橋|A Bridge to the Starry Skies|2011|39|12|27|4.19|6.42|2095|2111|2|4.75|2|TV Series|0
332|Hotaru no Haka|火垂るの墓|Grave of the Fireflies|1988|16|1|13|8.55|8.28|8393|8457|9|8.64|4|Movie|0
8289|Hotarubi no Mori e|蛍火の杜へ||2011|7|1|6|8.28|8.00|4486|4512|1|8.50|4|Movie|0
1218|Howl no Ugoku Shiro|ハウルの動く城|Howl`s Moving Castle|2004|9|1|3|8.22|8.23|11366|11428|5|6.89|4|Movie|0
147|Hyper Future Vision: Gunnm|HYPER FUTURE VISION 銃夢 GUNNM|Battle Angel|1993|3|2|1|5.82|7.05|2882|2896|3|6.94|3|OVA|0
2787|Ichigo Marshmallow|苺ましまろ|Strawberry Marshmallow|2005|18|12|6|7.68|7.97|3954|3991|6|8.24|2|TV Series|0
8720|Ijou Chitai|異常痴態||2011-2012|2|2|0|2.91|4.93|205|210|0|-|3|OVA|1
114|Ima, Soko ni Iru Boku|今, そこにいる僕|Now and Then, Here and There|1999-2000|17|13|4|7.34|7.74|4550|4589|14|7.35|2|TV Series|0
4738|Imouto Twins|義妹×2[いもうとツインズ]|Sex Exchange (2)|2006|1|1|0|3.96|5.90|481|487|0|-|3|OVA|1
1283|Inbaku Gakuen|淫縛学艶|School of Masochists|2002-2003|3|3|0|4.99|6.54|615|655|0|-|3|OVA|1
135|Initial D|頭文字D|Initial D: First Stage|1998|30|26|4|7.87|8.10|4733|4797|9|7.09|2|TV Series|0
682|Injuu Gakuen EX|淫獣学園 EX|Lady Blue|1996|4|4|0|4.23|5.96|376|386|0|-|3|OVA|1
1645|Interlude|インタールード|Interlude|2004|4|3|1|4.96|6.79|1347|1361|4|6.12|3|OVA|0
1153|Interstella 5555|INTERSTELLA 5555||2003|16|1|1|7.26|7.59|2299|2313|4|7.28|4|Movie|0
144|Inuyasha|犬夜叉|InuYasha|2000-2004|185|167|17|5.95|7.44|6326|6538|17|7.26|2|TV Series|0
197|Iria: Zeiram The Animation|イ・リ・ア ゼイラム The Animation|Iria Zeiram: The Animation|1994|13|6|7|5.42|6.82|1351|1361|0|-|3|OVA|0
2169|Iriya no Sora, UFO no Natsu|イリヤの空, UFOの夏|Sky of Iriya, Summer of UFO|2005|8|6|2|6.11|7.45|2602|2628|8|8.30|6|Web|0
7727|IS: Infinite Stratos|IS&lt;インフィニット・ストラトス&gt;|IS: Infinite Stratos|2011|30|12|18|4.13|6.47|5156|5200|5|4.83|2|TV Series|0
15918|Isekai Meikyuu de Harem o|異世界迷宮でハーレムを|Harem in the Labyrinth of Another World|2022|30|12|18|3.92|6.18|1272|1285|0|-|2|TV Series|0
16389|Isekai Ojisan|異世界おじさん|Uncle from Another World|2022-2023|29|13|16|7.39|7.50|1444|1453|1|7.83|2|TV Series|0
3126|Itazura The Animation|悪戯~いたずら~The Animation|G-Spot Express|2005|2|2|0|5.97|7.06|912|936|1|8.83|3|OVA|1
277|Juubee Ninpuuchou|獣兵衛忍風帖|Ninja Scroll|1993|10|1|7|6.47|7.46|5242|5277|5|7.59|4|Movie|0
76|Juubee-chan: Lovely Gantai no Himitsu|十兵衛ちゃん ーラブリー眼帯の秘密|Jubei-chan the Ninja Girl: Secret of the Lovely Eyepatch|1999|15|13|2|4.44|6.68|1344|1357|2|6.24|2|TV Series|0
6257|K-On!|けいおん!|K-On!|2009|44|12|32|7.28|7.78|9390|9485|8|6.80|2|TV Series|0
7307|K-On!!|けいおん!!|K-On! Season 2|2010|56|24|31|7.86|7.93|5986|6025|3|7.49|2|TV Series|0
5001|Kafka Inaka Isha|カフカ 田舎医者|Franz Kafka`s A Country Doctor|2007|4|1|3|5.83|6.62|1059|1066|1|6.66|4|Movie|0
16073|Kage no Jitsuryokusha ni Naritakute!|陰の実力者になりたくて!|The Eminence in Shadow|2022-2023|97|20|77|7.62|7.74|2174|2206|0|-|2|TV Series|0
5673|Kaiba|カイバ|Kaiba|2008|20|12|8|8.42|8.08|3393|3447|6|8.10|2|TV Series|0
17550|Kaijuu 8 Gou|怪獣8号|Kaiju No. 8|2024|33|12|21|7.75|7.78|1260|1270|1|4.50|2|TV Series|0
2178|Kakurenbo|カクレンボ|Kakurenbo: Hide & Seek|2004|9|1|8|5.31|6.81|1924|1932|3|8.05|4|Movie|0
8163|Kampfer: Fur die Liebe|けんぷファー für die Liebe|Kampfer: Fur die Liebe|2011|5|2|3|3.56|6.04|1459|1469|0|-|5|Other|0
461|Kanojo to Kanojo no Neko|彼女と彼女の猫|She and Her Cat|2000|3|1|2|6.54|7.31|3763|3783|3|8.61|3|OVA|0
4404|Kanon (2006)|Kanon (2006)|Kanon|2006-2007|43|24|19|8.20|8.32|6923|7047|14|8.50|2|TV Series|0
1088|Kao no Nai Tsuki|顔のない月|Moonlight Lady|2001-2004|6|5|1|5.48|7.00|1020|1056|3|7.16|3|OVA|1
2843|Kashimashi: Girl Meets Girl|かしまし ~ガール・ミーツ・ガール~|Kashimashi: Girl Meets Girl|2006|31|12|19|4.70|6.96|2720|2758|6|6.69|2|TV Series|0
275|Kaze no Tani no Nausicaa|風の谷のナウシカ|Nausicaa of the Valley of the Wind|1984|18|1|11|8.67|8.37|9104|9160|11|8.36|4|Movie|0
4574|Kekkaishi|結界師|Kekkaishi|2006-2008|62|52|10|7.17|8.02|3506|3578|6|6.71|2|TV Series|0
5147|Kenkou Zenrakei Suieibu Umishou|ケンコー全裸系水泳部 ウミショー||2007|16|13|3|5.80|7.33|2566|2592|3|7.27|2|TV Series|0
1054|Kigeki|喜劇|Comedy|2002|1|1|0|7.31|7.73|3064|3087|6|7.99|3|OVA|0
14107|Kimetsu no Yaiba|鬼滅の刃|Demon Slayer|2019|45|26|19|7.90|7.85|5167|5210|3|6.11|2|TV Series|0
17198|Kimetsu no Yaiba: Katanakaji no Sato Hen|鬼滅の刃 刀鍛冶の里編|Demon Slayer: Swordsmith Village Arc|2023|24|11|13|7.83|7.82|1683|1694|0|-|2|TV Series|0
16803|Kimetsu no Yaiba: Mugen Ressha Hen|鬼滅の刃 無限列車編|Demon Slayer: Mugen Train Arc|2021|13|7|6|7.73|7.79|1812|1822|0|-|2|TV Series|0
16054|Kimetsu no Yaiba: Yuukaku Hen|鬼滅の刃 遊郭編|Demon Slayer: Entertainment District Arc|2021-2022|17|11|6|8.36|8.03|2447|2462|2|6.50|2|TV Series|0
11829|Kimi no Na wa.|君の名は. your name.|Your Name.|2016|29|1|28|9.06|8.43|7455|7531|6|6.77|4|Movie|0
7031|King of Thorn|いばらの王 -King of Thorn-|King of Thorn|2009|6|1|5|5.81|6.91|1928|1931|1|6.66|4|Movie|0
3480|Kininaru Roommate|気になるルームメイト|The Roommate|2005-2006|2|2|0|5.38|6.78|657|671|0|-|3|OVA|1
2651|Kino no Tabi: Nanika o Suru Tame ni - Life Goes On.|キノの旅 何かをするために -life goes on.-||2005|2|1|1|7.74|7.77|2765|2772|2|7.49|4|Movie|0
575|Kino no Tabi: The Beautiful World|キノの旅 -the Beautiful World-|Kino`s Journey: The Beautiful World|2003|20|13|7|8.68|8.33|5527|5565|9|7.72|2|TV Series|0
17245|Kinsou no Vermeil: Gakeppuchi Majutsushi wa Saikyou no Yakusai to Mahou Sekai o Tsukisusumu|金装のヴェルメイユ~崖っぷち魔術師は最強の厄災と魔法世界を突き進む~|Vermeil in Gold|2022|20|12|8|3.88|6.16|954|963|0|-|2|TV Series|0
1675|Koi Kaze|恋風|Koi Kaze|2004|17|13|4|6.72|7.56|3348|3401|9|8.03|2|TV Series|0
1981|Kojin Taxi|股人タクシー|Sex Taxi|2002-2004|6|5|1|4.45|6.26|443|455|1|6.16|3|OVA|1
8742|Kokoro Connect|ココロコネクト|Kokoro Connect|2012|38|13|25|7.11|7.55|5131|5161|6|7.44|2|TV Series|0
10959|Kokoro ga Sakebitagatterunda.|心が叫びたがってるんだ.|The Anthem of the Heart|2015|4|1|3|7.84|7.74|1871|1881|0|-|4|Movie|0
2514|Korashime|懲らしめ|Punishment|2001|3|2|1|4.03|5.90|348|354|0|-|3|OVA|1
9394|Kotoura-san|琴浦さん|The Troubled Life of Miss Kotoura|2013|35|12|23|5.58|6.94|3024|3042|2|5.08|2|TV Series|0
2826|Koukyoushihen: Eureka Seven|交響詩篇エウレカセブン|Eureka Seven|2005-2006|72|50|22|7.95|8.28|9188|9374|19|8.33|2|TV Series|0
14201|Kumo Desu ga, Nanika?|蜘蛛ですが, なにか?|So I`m a Spider, So What?|2021|51|24|27|5.86|6.98|1909|1927|4|3.78|2|TV Series|0
469|Kumo no Mukou, Yakusoku no Basho|雲のむこう, 約束の場所|The Place Promised in Our Early Days|2004|13|1|7|7.70|8.07|7383|7440|7|8.18|4|Movie|0
5535|Kurenai|紅|Kurenai|2008|23|12|11|6.86|7.68|4572|4606|8|7.07|2|TV Series|0
306|Kurenai no Buta|紅の豚|Porco Rosso|1992|13|1|7|7.75|7.85|5010|5029|3|8.27|4|Movie|0
581|Last Exile|LASTEXILE|Last Exile|2003|33|26|7|7.73|8.19|8843|8983|21|8.28|2|TV Series|0
8260|Last Exile: Gin`yoku no Fam|LASTEXILE 銀翼のファム|Last Exile: Fam, the Silver Wing|2011-2012|43|21|22|5.39|6.84|1396|1408|5|5.16|2|TV Series|0
3442|Last Order: Final Fantasy VII|Last Order: Final Fantasy VII||2005|1|1|0|5.61|7.31|4067|4098|5|6.19|3|OVA|0
4396|Le Chevalier D`Eon|シュヴァリエ Le Chevalier D`Eon|Le Chevalier D`Eon|2006-2007|28|24|4|6.13|7.33|1627|1642|7|8.33|2|TV Series|0
9677|Log Horizon|ログ・ホライズン|Log Horizon|2013-2014|28|25|3|7.57|7.77|6297|6341|5|6.29|2|TV Series|0
10551|Log Horizon (2014)|ログ・ホライズン (2014)|Log Horizon 2|2014-2015|28|25|3|6.14|7.16|4130|4145|1|5.00|2|TV Series|0
35|Love Hina|ラブひな|Love Hina|2000|41|24|17|6.39|7.69|10088|10261|20|6.94|2|TV Series|0
4777|Lucky Star|らき☆すた|Lucky Star|2007|48|24|21|7.63|8.00|8997|9157|12|7.01|2|TV Series|0
5932|Lucky Star OVA: JK|らき☆すた OVA JK|Lucky Star OVA|2008|4|1|3|7.60|7.83|4108|4131|2|8.33|3|OVA|0
427|Macross Zero|マクロス ゼロ||2002-2004|11|5|6|7.52|7.96|4013|4055|7|8.30|3|OVA|0
1654|Madlax|マドラックス|Madlax|2004|45|26|19|5.77|7.26|2666|2695|7|6.14|2|TV Series|0
6075|Magical Girl Lyrical Nanoha The Movie 1st|Magical Girl Lyrical NANOHA The MOVIE 1st||2010|5|1|4|7.86|7.74|1240|1247|1|8.33|4|Movie|0
8069|Mahou Shoujo Madoka Magica|魔法少女まどか★マギカ PUELLA MAGI MADOKA MAGICA|Puella Magi Madoka Magica|2011|34|12|22|8.59|8.24|9568|9674|14|7.48|2|TV Series|0
18076|Mahou Tsukai no Yome Season 2 (2023)|魔法使いの嫁 SEASON2 (2023)|The Ancient Magus` Bride Season 2 (2023)|2023|14|12|2|7.09|7.35|560|562|1|5.66|2|TV Series|0
10182|Mahouka Koukou no Rettousei|魔法科高校の劣等生 The irregular at magic high school|The Irregular at Magic High School|2014|84|26|58|6.18|7.16|5092|5147|8|4.56|2|TV Series|0
1554|Mai-HiME|舞-HiME|My-HiME|2004-2005|77|26|43|6.96|7.96|7672|7777|16|7.46|2|TV Series|0
286|Majo no Takkyuubin|魔女の宅急便|Kiki`s Delivery Service|1989|19|1|13|8.02|8.04|6917|6941|6|8.24|4|Movie|0
2747|Maple Colors|Maple Colors|Maple Colors|2004-2005|2|2|0|5.09|6.73|678|704|1|6.83|3|OVA|1
17478|Mashle|マッシュル-MASHLE-|Mashle: Magic and Muscles|2023|41|12|29|5.61|6.92|1382|1391|1|7.00|2|TV Series|0
253|Megami Kouhosei|女神候補生|Pilot Candidate|2000|23|12|11|3.39|6.14|1272|1287|3|7.16|2|TV Series|0
263|Megami Kouhosei Special Curriculum: Nakama|女神候補生 スペシャルカリキュラム ~仲間~|Pilot Candidate: Comrades|2002|2|1|1|3.20|6.00|519|526|0|-|3|OVA|0
647|MeiKing|めい・king|MeiKing|1999-2001|4|4|0|4.10|5.98|385|392|2|4.83|3|OVA|1
10110|Mikakunin de Shinkoukei|未確認で進行形|Engaged to the Unidentified|2014|48|12|36|6.23|7.19|3018|3029|1|5.83|2|TV Series|0
4309|Minami-ke|みなみけ||2007|22|13|9|7.60|8.00|5467|5500|5|7.26|2|TV Series|0
5297|Miyori no Mori|ミヨリの森||2007|4|1|3|6.44|7.10|687|689|1|8.16|7|TV Special|0
7622|MM!|えむえむっ!|MM!|2010|29|12|17|4.85|6.72|3041|3062|2|5.50|2|TV Series|0
8270|Momo e no Tegami|ももへの手紙|A Letter to Momo|2011|1|1|0|7.44|7.50|1393|1396|1|9.33|4|Movie|0
7|Mononoke-hime|もののけ姫|Princess Mononoke|1997|23|1|17|8.80|8.55|14309|14435|11|8.95|4|Movie|0
1539|Monster|MONSTER|Monster|2004-2005|92|74|18|8.84|8.59|8825|9012|21|7.89|2|TV Series|0
2899|Mori no Densetsu|森の伝説|Legend of the Forest|1988|1|1|0|6.24|6.35|244|244|2|5.75|4|Movie|0
4393|Murder|殺人MURDER||1964|1|1|0|4.28|5.35|244|246|0|-|4|Movie|0
3433|Mushishi|蟲師|Mushi-Shi|2005-2006|42|26|16|8.97|8.68|10171|10359|15|8.42|2|TV Series|0
10384|Mushishi Zoku Shou|蟲師 続章|Mushi-Shi The Next Passage|2014|14|11|3|9.42|8.55|3013|3035|2|8.41|2|TV Series|0
10571|Mushishi Zoku Shou (2014)|蟲師 続章 (2014)|Mushi-Shi The Next Passage (2014)|2014|15|10|5|9.60|8.64|2645|2670|3|6.61|2|TV Series|0
17236|Mushoku Tensei II: Isekai Ittara Honki Dasu|無職転生II ~異世界行ったら本気だす~|Mushoku Tensei: Jobless Reincarnation Season 2|2023|19|12|7|7.77|7.76|1850|1864|1|3.50|2|TV Series|0
18104|Mushoku Tensei II: Isekai Ittara Honki Dasu (2024)|無職転生II ~異世界行ったら本気だす~ (2024)|Mushoku Tensei: Jobless Reincarnation Season 2 (2024)|2024|16|12|4|8.08|7.85|1349|1360|1|3.50|2|TV Series|0
14758|Mushoku Tensei: Isekai Ittara Honki Dasu|無職転生~異世界行ったら本気だす~|Mushoku Tensei: Jobless Reincarnation|2021|26|11|15|8.13|7.90|3965|4010|5|7.29|2|TV Series|0
15954|Mushoku Tensei: Isekai Ittara Honki Dasu (2021)|無職転生~異世界行ったら本気だす~ (2021)|Mushoku Tensei: Jobless Reincarnation (2021)|2021|33|12|21|8.51|8.08|3079|3106|2|6.25|2|TV Series|0
1663|Mutsu Enmei Ryuu Gaiden: Shura no Toki|陸奥圓明流外伝 修羅の刻|Shura no Toki - Age of Chaos|2004|28|26|2|6.65|7.71|1704|1732|3|7.99|2|TV Series|0
10596|Nanatsu no Taizai|七つの大罪 The Seven Deadly Sins|The Seven Deadly Sins|2014-2015|52|24|28|6.98|7.50|5298|5334|2|5.83|2|TV Series|0
4399|Nanmu Ichibyousokusai|南無一病息災|Praise Be to Small Ills|1973|1|1|0|5.40|5.52|70|70|0|-|4|Movie|0
239|Naruto|NARUTO|Naruto|2002-2007|278|220|34|5.69|7.55|17308|18274|52|7.40|2|TV Series|0
4880|Naruto Shippuuden|NARUTO 疾風伝|Naruto Shippuden|2007-2017|571|500|67|5.97|7.57|9448|9932|5|7.83|2|TV Series|0
7070|Natsumushi The Animation|夏蟲 THE ANIMATION||2009-2010|2|2|0|4.83|6.20|377|383|0|-|3|OVA|1
2452|Natural 2: Duo|ナチュラル2 デュオ|Natural Obsessions 2|2001-2003|4|4|0|4.72|6.06|300|304|0|-|3|OVA|1
679|Neko no Ongaeshi|猫の恩返し|The Cat Returns|2002|7|1|4|6.80|7.53|4624|4645|6|6.52|4|Movie|0
8168|Nichijou|日常|Nichijou: My Ordinary Life|2011|117|26|79|8.18|7.97|5136|5177|3|7.44|2|TV Series|0
4479|Ningen Doubutsuen|人間動物園|Human Zoo|1962|1|1|0|1.33|2.65|437|441|0|-|4|Movie|0
16538|Ningen Fushin no Boukensha-tachi ga Sekai o Sukuu You Desu|人間不信の冒険者たちが世界を救うようです|Ningen Fushin: Adventurers Who Don`t Believe in Humanity Will Save the World|2023|23|12|11|3.05|5.70|819|824|0|-|2|TV Series|0
9998|No Game No Life|ノーゲーム・ノーライフ|No Game No Life|2014|41|12|29|7.74|7.85|9127|9199|7|7.56|2|TV Series|0
5581|Nogizaka Haruka no Himitsu|乃木坂春香の秘密||2008|35|12|23|5.64|7.22|3521|3561|5|6.29|2|TV Series|0
13|Noir|ノワール|Noir|2001|39|26|13|6.24|7.47|5703|5761|17|6.91|2|TV Series|0
4453|Noisy Birth|我ハ機ナリ||2000|1|1|0|2.33|4.47|392|399|0|-|8|Music Video|0
9722|Non Non Biyori|のんのんびより|Non Non Biyori|2013|18|12|6|7.83|7.78|3582|3597|2|6.83|2|TV Series|0
10232|Non Non Biyori: Okinawa e Iku Koto ni Natta|のんのんびより 沖縄へ行くことになった||2014|1|1|0|7.17|7.50|1606|1611|0|-|3|OVA|0
9925|Noragami|ノラガミ|Noragami|2014|17|12|5|6.68|7.41|6695|6732|1|5.00|2|TV Series|0
69|One Piece|ONE PIECE|One Piece|1999|1323|0|140|8.33|8.58|9536|10270|20|8.68|2|TV Series|0
11123|One Punch Man|ONE PUNCH MAN ワンパンマン|One-Punch Man|2015|52|12|40|8.70|8.33|9498|9586|12|5.90|2|TV Series|0
4398|Oni|鬼||1972|1|1|0|5.63|5.76|166|167|0|-|4|Movie|0
8832|Ookami Kodomo no Ame to Yuki|おおかみこどもの雨と雪|Wolf Children|2012|20|1|19|8.93|8.35|4922|4941|5|7.19|4|Movie|0
7525|Ore no Imouto ga Konna ni Kawaii Wake ga Nai|俺の妹がこんなに可愛いわけがない|Oreimo|2010|86|12|74|6.16|7.28|7629|7698|6|7.05|2|TV Series|0
9134|Ore no Imouto ga Konna ni Kawaii Wake ga Nai.|俺の妹がこんなに可愛いわけがない.|Oreimo 2|2013|82|13|69|5.46|6.89|4312|4343|1|7.16|2|TV Series|0
8262|Otokonoko Ojou-sama! Hikaru to Ayana no Himitsu Collection|オトコの娘お嬢様っ 光と綾奈の秘密コレクション||2011|3|1|2|3.07|5.06|232|234|0|-|3|OVA|1
4148|Ouran Koukou Host Club|桜蘭高校ホスト部[クラブ]|Ouran High School Host Club|2006|31|26|5|7.92|8.30|9444|9656|9|7.94|2|TV Series|0
65|Puni Puni Poemi|ぷにぷに☆ぽえみぃ|Puni Puni Poemy|2001|7|2|5|4.80|6.79|3096|3117|4|8.78|3|OVA|0
105|R.O.D: Read or Die|R.O.D READ OR DIE|R.O.D - Read or Die|2001-2002|6|3|3|7.14|7.79|5629|5666|5|8.19|3|OVA|0
14|RahXephon|ラーゼフォン|RahXephon|2002|51|26|16|6.72|7.68|5711|5778|13|8.25|2|TV Series|0
7969|RahXephon Kansoukyoku: Kanojo to Kanojo Jishin to - Thatness and Thereness|ラーゼフォン 間奏曲 / 彼女と彼女自身と 「Thatness And Thereness」||2003|1|1|0|3.95|5.94|482|482|0|-|3|OVA|0
4576|Ranma 1/2|らんま1/2|Ranma 1/2|1989|23|18|5|7.04|7.62|3046|3073|2|8.16|2|TV Series|0
405|Ranma 1/2 (1993)|らんま1/2 (1993)||1993-1994|13|6|7|7.14|7.59|1376|1387|0|-|3|OVA|0
193|Ranma 1/2 Nettou Hen|らんま1/2 熱闘編|Ranma 1/2 (1989)|1989-1992|181|143|38|6.76|7.63|3669|3730|3|6.88|2|TV Series|0
2995|Ranma 1/2 Special|らんま1/2 スペシャル||1994-1995|7|2|5|6.54|7.31|1032|1039|0|-|3|OVA|0
2996|Ranma 1/2 Super|らんま1/2 SUPER||1995-1996|12|3|9|6.88|7.42|1054|1060|0|-|3|OVA|0
2850|Ranma 1/2: Chou Musabetsu Kessen! Ranma Team VS Densetsu no Houou|らんま1/2 超無差別決戦! 乱馬チームVS伝説の鳳凰||1994|3|1|2|6.06|7.15|1027|1034|0|-|4|Movie|0
11370|Re:Zero kara Hajimeru Isekai Seikatsu|Re:ゼロから始める異世界生活|Re:Zero - Starting Life in Another World|2016|72|25|33|7.75|7.84|7672|7747|7|6.16|2|TV Series|0
546|Renzu: Futari no Kyori|恋図~ふたりの距離~|Renzu: The Distance Between the Two|2000|1|1|0|3.02|5.23|233|235|0|-|3|OVA|1
3452|Requiem|REQUIEM [レクイエム]|Anal Sanctuary|2005|2|2|0|2.97|5.40|474|484|1|6.83|3|OVA|1
9128|Robotics;Notes|Robotics;Notes|Robotics;Notes|2012-2013|66|22|44|5.74|6.99|2817|2826|2|5.25|2|TV Series|0
90|Rurouni Kenshin: Meiji Kenkaku Romantan|るろうに剣心 -明治剣客浪漫譚-|Rurouni Kenshin|1996-1998|118|94|23|7.79|8.24|8986|9208|14|8.18|2|TV Series|0
422|Rurouni Kenshin: Meiji Kenkaku Romantan - Ishinshishi e no Requiem|るろうに剣心 -明治剣客浪漫譚- 維新志士への鎮魂歌|Samurai X: The Motion Picture|1997|4|1|1|5.72|7.33|3478|3512|1|8.16|4|Movie|0
195|Rurouni Kenshin: Meiji Kenkaku Romantan - Seisou Hen|るろうに剣心 -明治剣客浪漫譚- 星霜編|Samurai X: Reflection|2001-2002|2|2|0|7.55|8.06|4967|5029|7|6.30|3|OVA|0
73|Rurouni Kenshin: Meiji Kenkaku Romantan - Tsuioku Hen|るろうに剣心 -明治剣客浪漫譚- 追憶編|Samurai X: Trust & Betrayal|1999|7|4|3|9.13|8.89|11627|11965|20|9.20|3|OVA|0
113|Saishuuheiki Kanojo|最終兵器彼女|Saikano|2002|20|13|7|6.41|7.55|5155|5217|16|8.03|2|TV Series|0
4150|Saiunkoku Monogatari|彩雲国物語|The Story of Saiunkoku|2006-2007|47|39|8|7.78|8.16|2374|2415|3|7.16|2|TV Series|0
489|Sakura Taisen Ouka Kenran|サクラ大戦 桜華絢爛|Sakura Wars OVA|1997-1998|6|4|2|4.89|6.52|450|452|1|6.16|3|OVA|0
9153|Sakura-sou no Pet na Kanojo|さくら荘のペットな彼女|The Pet Girl of Sakurasou|2012-2013|60|24|36|7.21|7.62|5706|5761|7|6.76|2|TV Series|0
1543|Samurai Champloo|サムライチャンプルー|Samurai Champloo|2004-2005|37|26|11|8.22|8.43|14555|14827|24|8.24|2|TV Series|0
8434|School|School||2011-2012|2|2|0|5.08|6.28|297|302|0|-|3|OVA|1
640|Scrapped Princess|スクラップド・プリンセス|Scrapped Princess|2003|50|24|26|7.14|7.92|7284|7341|14|7.43|2|TV Series|0
47|Scryed|スクライド|s-CRY-ed|2001|76|26|50|5.57|7.29|3739|3789|11|7.05|2|TV Series|0
6|Seikai no Danshou: Tanjou|星界の断章 誕生|Crest of the Stars: Birth|2000|1|1|0|6.46|7.35|2180|2187|3|6.22|7|TV Special|0
1|Seikai no Monshou|星界の紋章|Crest of the Stars|1999|17|13|4|8.23|8.20|5028|5059|12|8.70|2|TV Series|0
884|Seikai no Senki Tokubetsu Hen|星界の戦旗 特別編|Banner of the Stars Movie|2001|1|1|0|7.04|7.52|765|769|1|8.50|7|TV Special|0
4403|Seirei no Moribito|精霊の守り人|Moribito: Guardian of the Spirit|2007|29|26|3|8.55|8.49|7656|7763|17|8.78|2|TV Series|0
7532|Seitokai Yakuindomo|生徒会役員共||2010|31|13|18|6.54|7.39|4966|4998|3|6.72|2|TV Series|0
112|Sen to Chihiro no Kamikakushi|千と千尋の神隠し|Spirited Away|2001|45|1|34|8.77|8.52|15452|15554|12|8.69|4|Movie|0
99|Serial Experiments Lain|シリアルエクスペリメンツレイン|Serial Experiments Lain|1998|59|13|46|7.52|7.93|10185|10304|16|7.89|2|TV Series|0
3408|Shakugan no Shana|灼眼のシャナ|Shakugan no Shana|2005-2006|68|24|44|6.73|7.81|10448|10594|13|7.44|2|TV Series|0
5145|Shakugan no Shana Second|灼眼のシャナII[Second]|Shakugan no Shana Second|2007-2008|52|24|28|6.33|7.57|6146|6216|4|6.78|2|TV Series|0
4400|Shijin no Shougai|詩人の生涯|The Life of a Poet|1974|1|1|0|5.71|5.65|135|135|0|-|4|Movie|0
2190|Shin Angyou Onshi|新暗行御史|Blade of the Phantom Master|2004|3|1|0|6.03|7.30|1643|1667|3|4.83|4|Movie|0
229|Shin Kidou Senki Gundam Wing|新機動戦記ガンダムW|Mobile Suit Gundam Wing|1995-1996|81|49|32|6.05|7.39|3613|3660|11|6.14|2|TV Series|0
496|Shin Kidou Senki Gundam Wing: Endless Waltz Tokubetsu Hen|新機動戦記ガンダムW[ウイング] Endless Waltz -特別篇-|Gundam Wing: Endless Waltz|1998|9|1|6|6.47|7.51|1861|1878|2|8.75|4|Movie|0
9541|Shingeki no Kyojin|進撃の巨人 attack on titan|Attack on Titan|2013|49|25|24|8.26|8.18|12033|12203|8|7.10|2|TV Series|0
1015|Shingetsutan Tsukihime|真月譚 月姫|Tsukihime - Lunar Legend|2003|18|12|5|6.54|7.68|8482|8582|14|7.80|2|TV Series|0
16732|Shinmai Renkinjutsushi no Tenpo Keiei|新米錬金術師の店舗経営|Management of a Novice Alchemist|2022|42|12|30|3.73|5.94|587|591|0|-|2|TV Series|0
22|Shinseiki Evangelion|新世紀エヴァンゲリオン|Neon Genesis Evangelion|1995-1996|76|26|46|7.93|8.24|18146|18539|33|8.00|2|TV Series|0
10779|Shirobako|SHIROBAKO|Shirobako|2014-2015|53|24|29|8.68|8.07|3039|3056|2|8.08|2|TV Series|0
8554|Shoukoujo The Animation|少交女 THE ANIMATION||2011-2012|2|2|0|4.99|6.21|399|405|0|-|3|OVA|1
5019|Sola|sola||2007|25|13|12|5.96|7.44|3603|3638|7|7.85|2|TV Series|0
10254|Soul Eater Not!|ソウルイーターノット!|Soul Eater Not!|2014|15|12|3|3.42|5.77|1546|1558|0|-|2|TV Series|0
4480|Speed|スピード||1980|1|1|0|4.06|5.35|194|195|0|-|4|Movie|0
2696|Speed Grapher|スピードグラファー|Speed Grapher|2005|32|24|8|6.29|7.57|4612|4670|10|7.03|2|TV Series|0
16947|Spy x Family|SPY×FAMILY|Spy x Family|2022|27|12|15|8.29|8.00|3218|3241|0|-|2|TV Series|0
7729|Steins;Gate|Steins;Gate|Steins;Gate|2011|57|24|33|9.48|8.84|12458|12728|12|8.46|2|TV Series|0
2185|Stranger: Mukou Hadan|ストレンヂア -無皇刃譚-|Sword of the Stranger|2007|4|1|3|8.35|8.23|6330|6369|4|8.70|4|Movie|0
9772|Strike the Blood|ストライク・ザ・ブラッド|Strike the Blood|2013-2014|31|24|7|5.21|6.81|3419|3444|2|6.33|2|TV Series|0
6249|Summer Wars|サマーウォーズ|Summer Wars|2009|4|1|3|8.03|8.01|7098|7145|9|6.79|4|Movie|0
2756|Survival 2.7-D Animation Version|サバイバル 2.7-D ANIMATION VERSION||1999|1|1|0|5.55|6.24|411|413|1|6.83|8|Music Video|0
7221|Suzumiya Haruhi no Shoushitsu|涼宮ハルヒの消失|The Disappearance of Haruhi Suzumiya|2010|15|1|14|9.39|8.66|7217|7278|5|8.09|4|Movie|0
6367|Suzumiya Haruhi no Yuuutsu (2009)|涼宮ハルヒの憂鬱 (2009)|The Melancholy of Haruhi Suzumiya (2009)|2009|46|28|18|5.56|7.00|7451|7536|6|5.85|2|TV Series|0
8692|Sword Art Online|ソードアート・オンライン|Sword Art Online|2012|80|25|55|6.30|7.34|11978|12148|16|5.26|2|TV Series|0
10376|Sword Art Online II|ソードアート・オンラインII|Sword Art Online II|2014|78|24|54|5.07|6.79|6961|7016|5|5.86|2|TV Series|0
10022|Sword Art Online: Extra Edition|ソードアート・オンライン Extra Edition|Sword Art Online: Extra Edition|2013|5|1|4|3.85|6.24|3368|3394|1|6.83|7|TV Special|0
389|Tales of Eternia The Animation|Tales of Eternia THE ANIMATION||2001|14|13|1|3.36|6.16|1103|1111|2|6.99|2|TV Series|0
1374|Tales of Phantasia The Animation|テイルズ オブ ファンタジア THE ANIMATION|Tales of Phantasia - The Animation|2004-2006|14|4|10|5.13|7.02|1506|1528|3|6.77|3|OVA|0
4548|Tales of Symphonia The Animation|テイルズ オブ シンフォニア THE ANIMATION|Tales of Symphonia The Animation: Sylvarant Episode|2007|20|4|16|5.07|6.98|1551|1578|0|-|3|OVA|0
9077|Tari Tari|TARI TARI|Tari Tari|2012|41|13|28|6.10|7.04|2144|2152|3|7.99|2|TV Series|0
4575|Tengen Toppa Gurren Lagann|天元突破 グレンラガン|Gurren Lagann|2007|39|27|12|8.74|8.57|13908|14235|29|8.61|2|TV Series|0
184|Tenkuu no Escaflowne|天空のエスカフローネ|The Vision of Escaflowne|1996|52|26|26|7.07|7.77|6164|6205|11|8.24|2|TV Series|0
331|Tenkuu no Shiro Laputa|天空の城ラピュタ|Laputa: Castle in the Sky|1986|19|1|13|8.29|8.17|7541|7565|5|8.73|4|Movie|0
4571|Tenpouibun Ayakashiayashi|天保異聞 妖奇士|Ghost Slayers Ayashi|2006-2007|34|25|9|5.13|7.01|1062|1070|5|7.06|2|TV Series|0
3470|Tenrankai no E|展覧会の絵|Pictures at an Exhibition|1966|1|1|0|6.14|6.14|249|249|1|7.50|4|Movie|0
16785|Tensei Shitara Ken Deshita|転生したら剣でした|Reincarnated as a Sword|2022|31|12|19|6.35|7.19|1494|1500|0|-|2|TV Series|0
4088|The Third: Aoi Hitomi no Shoujo|ザ・サード 蒼い瞳の少女|The Third: The Girl with the Blue Eye|2006|35|24|11|6.34|7.56|2305|2326|5|6.33|2|TV Series|0
7478|Toaru Hikuushi e no Tsuioku|とある飛空士への追憶|The Princess and the Pilot|2011|1|1|0|7.29|7.56|1581|1585|1|6.50|4|Movie|0
6460|Toaru Kagaku no Railgun|とある科学の超電磁砲[レールガン]|A Certain Scientific Railgun|2009-2010|43|24|19|6.80|7.54|6207|6256|2|6.91|2|TV Series|0
7975|Toaru Kagaku no Railgun: Misaka-san wa Ima Chuumoku no Mato Desu kara|とある科学の超電磁砲[レールガン] 御坂さんはいま注目の的ですから||2010|3|1|2|6.33|7.23|2333|2348|0|-|3|OVA|0
5975|Toaru Majutsu no Index|とある魔術の禁書目録|A Certain Magical Index|2008-2009|38|24|13|6.05|7.35|8455|8524|3|6.16|2|TV Series|0
7599|Toaru Majutsu no Index II|とある魔術の禁書目録[インデックス]II|A Certain Magical Index II|2010-2011|35|24|11|6.31|7.32|5152|5186|2|5.91|2|TV Series|0
4151|Toki o Kakeru Shoujo|時をかける少女|The Girl Who Leapt Through Time|2006|3|1|2|8.52|8.41|12018|12130|12|8.01|4|Movie|0
457|Tokyo Babylon|東京BABYLON||1992-1994|3|2|1|3.95|6.23|1100|1103|1|6.16|3|OVA|0
6441|Tokyo Magnitude 8.0|東京マグニチュード8.0|Tokyo Magnitude 8.0|2009|25|11|14|8.02|7.94|4139|4164|4|7.37|2|TV Series|0
9235|Tonari no Kaibutsu-kun|となりの怪物くん|My Little Monster|2012|21|13|8|6.19|7.23|4702|4725|4|5.49|2|TV Series|0
303|Tonari no Totoro|となりのトトロ|My Neighbor Totoro|1988|16|1|13|8.33|8.20|9192|9252|8|8.74|4|Movie|0
5909|Toradora!|とらドラ!|Toradora!|2008-2009|48|25|23|8.02|8.17|12428|12615|8|7.22|2|TV Series|0
6262|Touhou Niji Sousaku Doujin Anime: Musou Kakyou|東方二次創作同人アニメ 夢想夏郷||2008-2021|19|5|13|5.34|6.85|890|896|0|-|3|OVA|0
4971|Touka Gettan|桃華月憚||2007|36|26|10|4.04|6.30|626|638|3|7.88|2|TV Series|0
53|Trigun|トライガン|Trigun|1998|29|26|3|7.72|8.15|12283|12474|17|7.72|2|TV Series|0
2810|Trinity Blood|トリニティ・ブラッド|Trinity Blood|2005|27|24|3|5.72|7.44|5615|5720|19|6.82|2|TV Series|0
10441|Trinity Seven|トリニティセブン|Trinity Seven|2014|17|12|5|4.67|6.55|3578|3599|3|6.27|2|TV Series|0
8638|TSF Monogatari|TSF物語||2011-2012|2|2|0|4.61|6.17|551|563|0|-|3|OVA|1
2478|Tsukuyomi: Moon Phase|月詠 -MOON PHASE-|Moon Phase|2004-2005|88|25|63|6.04|7.41|3028|3060|4|5.99|2|TV Series|0
2798|Twilight Q|トワイライトQ||1987|2|2|0|5.97|6.64|646|650|2|7.58|3|OVA|0
8211|Usagi Drop|うさぎドロップ|Bunny Drop|2011|42|11|31|9.15|8.55|6950|7014|3|7.44|2|TV Series|0
3427|Utawarerumono|うたわれるもの|Utawarerumono|2006|44|26|18|7.23|8.02|6682|6793|12|6.64|2|TV Series|0
11272|Utawarerumono: Itsuwari no Kamen|うたわれるもの 偽りの仮面|Utawarerumono: The False Faces|2015-2016|37|25|12|5.57|6.81|1367|1375|2|5.16|2|TV Series|0
172|Vampire Miyu|吸血姫美夕|Vampire Princess Miyu|1988-1989|4|4|0|5.28|6.78|1250|1256|1|7.50|3|OVA|0
391|Vampire Miyu (1997)|吸血姫美夕 (1997)|Vampire Princess Miyu (1997)|1997-1998|29|25|4|5.20|6.86|1088|1103|4|6.33|2|TV Series|0
3949|White Reflection|WHITE REFLECTION||1997|1|1|0|6.05|6.48|329|334|0|-|8|Music Video|0
96|Witch Hunter Robin|ウィッチハンター ロビン|Witch Hunter Robin|2002|38|26|12|6.31|7.54|5550|5610|15|7.43|2|TV Series|0
449|Wolf`s Rain|ウルフズレイン|Wolf`s Rain|2003|34|26|8|6.82|7.75|7111|7217|9|8.58|2|TV Series|0
429|X|X|X|1996|4|1|1|3.58|6.22|2214|2244|3|4.44|4|Movie|0
10955|Yamada-kun to Nananin no Majo (2015)|山田くんと7人の魔女 (2015)|Yamada-kun and the Seven Witches|2015|16|12|4|6.14|7.07|3279|3288|1|8.16|2|TV Series|0
1093|Yami to Boushi to Hon no Tabibito|ヤミと帽子と本の旅人|Traveller Yami, Hat and Book|2003|17|13|4|4.55|6.68|1676|1690|4|7.41|2|TV Series|0
7725|Yumekui Merry|夢喰いメリー|Dream Eater Merry|2011|18|13|5|4.75|6.65|2748|2770|3|5.71|2|TV Series|0
17444|Yuusha Party o Tsuihou Sareta Beast Tamer, Saikyoushu no Nekomimi Shoujo to Deau|勇者パーティーを追放されたビーストテイマー, 最強種の猫耳少女と出会う|Beast Tamer|2022|20|13|7|4.14|6.29|1003|1010|0|-|2|TV Series|0
412|Z.O.E Dolores,i|Z.O.E. Dolores,i|Zone of the Enders: Dolores|2001|26|26|0|5.91|7.16|851|858|2|6.91|2|TV Series|0
408|Z.O.E. 2167 Idolo|Z.O.E 2167 IDOLO|Zone of the Enders: Idolo|2001|1|1|0|5.21|6.90|974|979|1|6.83|3|OVA|0
4146|Zero no Tsukaima|ゼロの使い魔|The Familiar of Zero|2006|35|13|22|6.24|7.56|10057|10186|10|7.02|2|TV Series|0

Generes
80||18 Restricted441||1920s453||4-koma389||Acrobatics4||Action270||Action Game306||Adventure436||Africa366||Ahegao259||Air Force515||Akihabara532||Alcohol184||Alien503||All-boys School475||All-girls School126||Alternative History127||Alternative Present280||Americas70||Anal119||Android170||Angel252||Angst314||Anthropomorphism464||Anti-War423||Archery256||Art501||Art School22||Asia490||Assassin3||Audience347||Australia380||Badminton413||Baking194||Bakumatsu - Meiji Period53||Bakunyuu226||Band527||Barcelona137||Baseball138||Basketball512||Battle Royale327||BDSM315||Bestiality478||Bishoujo343||Bishounen524||Blackmail405||Board Games284||Boing57||Bondage378||Boobs in Your Face547||Borderline Hentai205||Bounty Hunter139||Boxing349||Brazil504||Breaking the Fourth Wall369||Breast Fondling50||Breasts403||Brother-Sister Incest358||Bukkake511||Bullet Time486||Calling Your Attacks346||Canada526||Catalonia202||Catgirl543||Catholic School469||Chess229||Chikan196||China471||Christmas242||Clubs454||Collateral Damage240||College141||Combat17||Comedy330||Coming of Age473||Confession160||Conspiracy183||Contemporary Fantasy83||Content Indicators257||Cooking177||Cops470||Cosplay535||Countryside360||Cream Pie542||Cross-dressing391||Cum Play393||Cum Swapping357||Cunnilingus253||Cyberpunk120||Cyborgs381||Cycling236||Daily Life463||Dark Elf265||Dark Fantasy489||Dark-skinned Girl293||Dating Sim - Visual Novel461||Debacle245||Delinquents167||Demons508||Desert161||Detective65||Dildos - Vibrators390||Dodgeball373||Doggy Style359||Double Penetration200||Dragon537||Drugs216||Dynamic186||Dystopia289||Earth468||Earthquake282||Ecchi539||Ecology412||Edo Period237||Elementary School313||Elements221||Elf407||Enema416||Enjoyable Rape271||Erotic Game279||Europe352||Exhibitionism367||Facesitting462||Fairies15||Fantasy291||Fantasy World402||Father-Daughter Incest353||Fellatio60||Female Student336||Female Teacher363||Femdom318||Fetishes322||Feudal Warfare556||Finland456||First Kiss517||Fishing368||Fisting448||Floating Island182||Football356||Foot Fetish355||Footjob382||Formula Racing116||France497||Friendship498||Furo Scene55||Futanari419||Futa x Female418||Futa x Futa522||Futa x Male12||Future269||Game333||Gangbang472||General Lack of Common Sense329||Genetic Modification27||Germany507||Ghost554||Girl Rapes Another Girl549||Glory Hole408||Go243||Goddess143||Golf263||Gunfights555||Guy Getting Raped144||Gymnastics364||Handjob241||Harem557||Hawaii440||Heian Period449||Hell485||Henshin523||Hidden Vibrator266||High Fantasy239||High School25||Historical439||Hokkaido154||Horror455||Horse Riding301||Housewives328||Human Enhancement185||Humanoid Alien376||Hyperspace Mallet395||Ice Skating199||Idol48||Incest548||Indirect Kiss410||Inline Skating545||Internal Shots541||Island339||Italy23||Japan286||Josei531||Jousting148||Judo559||Jungle201||Juujin534||Karaoke392||Kendo76||Kodomo195||Korea443||Kyoto341||Lactation52||Large Breasts520||Las Vegas323||Law and Order495||Lethal Cooking411||Lingerie73||Lolicon444||London230||Love Polygon344||Mafia175||Magic482||Magic Circles406||Mahjong247||Mahou Shoujo108||Maid273||Manga450||Mars20||Martial Arts34||Masturbation13||Mecha74||Mechanical Tentacle483||Mermaid345||Middle East238||Middle School171||Military78||Mina446||Moon400||Mother-Daughter Incest529||Mother-Son Incest140||Motorsport308||Movie394||Muay Thai538||Multiple Couples225||Music558||Nagasaki404||Naked Apron424||Nano Machines262||Navy433||Netorare434||Netori519||Nevada275||New491||New Year`s Day445||New York29||Ninja0||NONE414||Nopan458||Nosebleed274||Novel88||Nudity299||Nun59||Nurse398||Nyotaimori312||Office Lady442||Okinawa452||Oral268||Original Work437||Osaka128||Other Planet354||Paizuri283||Pantsu377||Pantyjob370||Paper Clothes209||Parallel Universe281||Parasite487||Parental Abandonment438||Paris151||Parody10||Past321||Performance326||Phallic528||Photography118||Piloted Robot396||Pirate7||Place233||Plot Continuity431||Point of View484||Politics30||Pornography26||Post-apocalypse466||Post-War117||Power Suit11||Present540||Prison435||Prostitution249||Proxy Battles551||Pseudo Blowjob552||Pseudo Tentacle Rape Scene417||Public Sex379||Pussy in Your Face372||Pussy Sandwich427||Racism33||Rape428||Religion533||Revenge421||Reverse Harem459||Reverse Trap365||Rimming121||Robot Helper198||Romance272||RPG387||Rugby432||Running with Food in Mouth228||Russia28||Samurai420||Satire46||Scat502||School Dormitory518||School Excursion457||School Festival21||School Life492||School Sports Festival8||Sci-Fi371||Scissoring79||Seinen348||Sengoku Period2||Setting86||Sex331||Sexual Abuse409||Sexual Fantasies401||Sex While on the Phone397||Shibari129||Shipboard338||Shotacon499||Shougi77||Shoujo278||Shoujo Ai5||Shounen277||Shounen Ai496||Shower Scene415||Sixty-nine374||Skimpy Clothing553||Skirt Flipping153||Slapstick429||Slavery505||Slow When It Comes to Love51||Small Breasts19||Space447||Space Colony174||Space Travel525||Spain203||Special Squads488||Spellcasting113||Sports546||Squirting422||Steampunk220||Stereotypes375||Stomach Stretch111||Strapon386||Street Racing510||Student Council460||Succubus255||Sudden Girlfriend Appearance430||Sudden Naked Girl Appearance550||Sudden Naked Guy Appearance481||Summer Festival516||Summoning342||Super Deformed18||Super Power384||Swimming173||Swordplay494||Talking Animals425||Teacher x Student146||Tennis56||Tentacle493||Terrorist317||Themes474||Thief362||Threesome530||Threesome with Sisters172||Thriller361||Throat Fucking6||Time163||Time Travel477||Toilet Humour514||Tokyo47||Torture385||Track and Field235||Tragedy513||Transfer Student149||Transforming Robot340||Trap399||Twincest244||Twisted480||Uncensored Version Available500||Under One Roof295||Underworld197||United Kingdom24||United States of America536||Unrequited Love351||Urination506||Valentine`s Day158||Vampire451||Victorian Period84||Violence285||Violent Retribution for Accidental Infringement61||Virginity130||Virtual Reality147||Volleyball544||Voyeurism250||Waitress521||Wakamezake467||War426||Wardrobe Malfunction350||Western64||Whip388||Window Fuck509||Witch465||World War I193||World War II383||Wrestling334||Yakuza38||Yaoi37||Yuri479||Zettai Ryouiki476||Zombie
